<addon version="1.0.0" name="sile70000's Repository" id="repository.sile70000.addons">
<extension name="sile70000's Repository" point="xbmc.addon.repository">
<info compressed="false">https://sile70000.github.io/repository.sile70000.addons/addons.xml</info>
<checksum>https://sile70000.github.io/repository.sile70000.addons/addons.xml.md5</checksum>
<datadir zip="true">https://sile70000.github.io/repository.sile70000.addons/</datadir>
</extension>
<extension point="xbmc.addon.metadata">
<summary>Add-ons that arn't in the official XBMC repository.</summary>
<description>Add-ons for XBMC, sometimes are a work in progress.</description>
<disclaimer/>
<platform>all</platform>
</extension>
</addon>