<?xml version="1.0" encoding="UTF-8" standalone="yes"?>
<addon id="repository.sile70000.addons" name="sile70000's Repository" version="1.0.0">
	<extension point="xbmc.addon.repository" name="sile70000's Repository">
		<info compressed="false">https://sile70000.github.io/repository.sile70000.addons/addons.xml</info>
		<checksum>https://sile70000.github.io/repository.sile70000.addons/addons.xml.md5</checksum>
		<datadir zip="true">https://sile70000.github.io/repository.sile70000.addons/</datadir>
	</extension>
	<extension point="xbmc.addon.metadata">
		<summary>Add-ons that arn't in the official XBMC repository.</summary>
		<description>Add-ons for XBMC, sometimes are a work in progress.</description>
		<disclaimer></disclaimer>
		<platform>all</platform>
	</extension>
</addon>
